user_id,last_name,first_name
294711c8-9deb-4c59-b884-923604eec973,Dunn,Elisabeth
cc447dd3-5511-4511-9d38-f311e91012fc,Hill,Sunil
d20f89ac-1076-44b6-8f00-89fec90fb0e3,Holmes,Corbin
0fa80447-140d-44d9-b306-44608834f409,Cantu,Cherish
897567d5-95da-43ae-b692-641841701284,Hutchinson,Alejandro
ec4cff02-d4a1-403d-8de6-a4b4980d5b15,Mccarthy,Clinton
6e320c5c-a52a-4f8a-a9f0-494d511fbb2f,Crawford,Mikayla
b99fe071-95ae-4218-a04a-d44fc4c23177,Burke,Lauren
80d86e9e-98d9-476b-a6e1-3064d29ec4af,Edwards,Giorgia
bdd81d22-03c7-4549-b943-506dab0c8f5a,Mcbride,Natalya
576113b5-465b-49ff-a332-3846672ddac8,Snyder,Ronnie
9ad82f64-7ce9-4985-a828-1ddfb075475d,Perez,Terence
d187764b-f991-40a0-80ac-759b5898bf32,Abbott,Lilah
acda2bd3-e92f-4af5-b6fe-dfb94c0de1e8,Kelley,Rebeca
e81ee10a-f685-4d56-95e9-5d2b2ac61ca7,Walton,Johnny
43f68597-72f9-4ca8-96d1-a6e0057922f7,Todd,Jordanna
61226997-9551-4f2c-b1bb-aec1344a7bd1,Rivera,Maksim
10826141-4019-46b3-b10f-ddbecdecdb3f,Johnston,Kobi
c8fe8a90-4ac6-4181-b01b-25d4a665254d,Hicks,Abel
594aa509-ec03-42c3-80ce-0d01c1f83e6b,Edge,Fiona
1bd635be-5989-48f6-8dae-5e9d34e410b7,Mora,Heather
e0a7ada4-d310-4223-a821-6790179cede9,Massey,Yazmin
dddad555-fe2b-414f-922e-5361b06bc984,Rodriquez,Karl
74be9799-e14d-4a72-9e71-8c483143b15e,Manning,Rivka
219f926e-778a-4c6e-8320-a900fab47ce6,Petersen,Kiara
bf65511c-0071-4956-80b5-7c8ac7f79aa7,Woolley,Sidney
2e30dd23-19a0-4882-a542-42af7f95f822,Barclay,Dillan
cd51c68a-f0c9-4d85-95dc-b5e76f0e5c8b,Greenwood,Jose
6049efa2-cd02-4ee4-aa39-96b63cc69c54,Maxwell,Elisa
05cf20a3-a7db-47d8-b118-54333b7578f0,Walls,Murphy